{"senha": "scrypt:32768:8:1$xapgWCBqpat1yMAU$1e101e3f7514b444ca55ad9489985b73588f52d01452831fa17d1c7e8a81cb3620bdaf43ceceb1d9eef17786e47545915659d04a4756d2e2d6608bee69605572", "historico": {"CONJUNTO01": [{"roas": 1.76, "lucro": 82.19999999999999, "ctr": 1.95, "vendas": 4, "data": "09/02 02:23"}, {"roas": 1.15, "lucro": 11.900000000000006, "ctr": 3.9, "vendas": 1, "data": "09/02 02:22"}], "CONJUNTO02": [{"roas": 0.93, "lucro": -13.75, "ctr": 0.16, "vendas": 5, "data": "09/02 02:23"}]}}