{"senha": "scrypt:32768:8:1$utPZWYjlHHHt9Gn9$dc411a20ab924eab0cb7ab2563cfebde1daf2cb8ef7f7a6cc13bd400cb165eae806ecb8e35d0e934c10e31e3443c53a5256a0404d89f763d1fa9e4d4fe6f2a48", "historico": {"CONJUNTO01": [{"roas": 1.63, "lucro": -3.450000000000003, "ctr": 20.0, "vendas": 1, "data": "09/02 13:33"}, {"roas": 1.63, "lucro": -3.450000000000003, "ctr": 20.0, "vendas": 1, "data": "09/02 13:33"}], "CONJUNTO02": [{"roas": 2.0, "lucro": 54.0, "ctr": 29.33, "vendas": 3, "data": "09/02 13:45"}, {"roas": 1.5, "lucro": 8.5, "ctr": 30.0, "vendas": 1, "data": "09/02 13:44"}, {"roas": 1.9, "lucro": 16.1, "ctr": 90.0, "vendas": 2, "data": "09/02 13:40"}], "CONJUNTO03": [{"roas": 2.36, "lucro": 88.39999999999998, "ctr": 27.2, "vendas": 8, "data": "09/02 13:47"}]}}